grupo,sociedades,pn_obligadas,formales,activos_total
"G1 Agricultura, ganadería y silvicultura",851,546,1397,23498
G2 Pesca y acuicultura,13,1,14,63
G3 Alimentos y bebidas (agroindustria),76,17,93,1709
G4 Otras manufacturas,133,30,163,4004
"G5 Energía, agua y saneamiento",97,0,97,160
G6 Transporte y almacenamiento,461,46,507,5907
G7 Comercio al por mayor,661,406,1067,11779
G8 Administración pública (GAD y entidades),96,0,96,101
"G9 Proveedores tecnológicos (TIC, ingeniería, I+D)",229,28,257,1025
G10 Construcción,570,17,587,2043
G11 Salud,186,15,201,2178
Otros sectores,1959,519,2478,59697
