grupo,cons2030,cons2031,base2030,base2031,opt2030,opt2031
"G1 Agricultura, ganadería y silvicultura",1,1.5,2.5,3.5,5,7
G2 Pesca y acuicultura,2,3,5,7,10,14
G3 Alimentos y bebidas (agroindustria),5,7,10,14,18,24
G4 Otras manufacturas,4,5,8,11,15,20
"G5 Energía, agua y saneamiento",5,7,10,14,20,26
G6 Transporte y almacenamiento,2,3,5,7,10,14
G7 Comercio al por mayor,0.5,0.75,1.5,2,3,4
G8 Administración pública (GAD y entidades),10,15,25,35,40,55
"G9 Proveedores tecnológicos (TIC, ingeniería, I+D)",15,20,30,40,50,60
